"URL","Title","Authors","Corresponding_Author","Corresponding_Email","Publish_Date","Abstract","Keywords"
"https://virologyj.biomedcentral.com/articles/10.1186/s12985-023-02256-z","Molecular characterization of a tetra segmented ssDNA virus infecting Botrytis cinerea worldwide","Ana Ruiz-Padilla1, Massimo Turina2 &, María A. Ayllón1,3",NA,NA,"2023-12-19",NA,"Hypovirulence, Fungi, ssDNA viruses, Multisegmented genome, Replication"
"https://virologyj.biomedcentral.com/articles/10.1186/s12985-023-02266-x","Untargeted metabolomics of the intestinal tract of DEV-infected ducks","Haiqing Cai1,2, Xia Yang1,2, Yunyun Yang1,2, Yi Feng1,2, Anlin Wen1,2, Ying Yang1,2, Ming Wen1,2 &, Deyuan Ou1,2",NA,NA,"2023-12-19",NA,"Duck enteritis virus, Duck, Gut, Differentially abundant metabolites, Nontargeted metabolomics"
"https://virologyj.biomedcentral.com/articles/10.1186/s12985-023-02264-z","Preclinical assessment of an anti-HTLV-1 heterologous DNA/MVA vaccine protocol expressing a multiepitope HBZ protein","D. S. O. Daian e Silva 2, L. J. Cox 2, A. S. Rocha 2, Á. Lopes-Ribeiro , J. P. C. Souza , G. M. Franco 2, J. L. C. Prado , T. A. Pereira-Santos 2, M. L. Martins 3, J. G. A. Coelho-dos-Reis 2, T. M. Gomes-de-Pinho4, F. G. Da Fonseca 4 &, E. F. Barbosa-Stancioli 2",NA,NA,"2023-12-19",NA,"Vaccine, Human T-lymphotropic virus 1, HBZ, Recombinant Modified Vaccinia virus Ankara (MVA-HBZ), Plasmid DNA vaccine (pcDNA3.1(+)-HBZ)"
"https://virologyj.biomedcentral.com/articles/10.1186/s12985-023-02265-y","Transcriptomic analysis reveals impact of gE/gI/TK deletions on host response to PRV infection","Xiaoli Wang1 na1, Yingguang Li2 na1, Shaoming Dong2, Cong Wang3, Yongming Wang4 &, Hongliang Zhang2",NA,NA,"2023-12-19",NA,"Pseudorabies virus, Mutant, gE/gI/TK, Gene deletions, Transcriptome, PK15 cells"
"https://virologyj.biomedcentral.com/articles/10.1186/s12985-023-02268-9","Detection of parechovirus A in respiratory, gastrointestinal, and neurological clinical samples of pediatric patients from Panama (2014–2015)","Lizette Gutierrez1,2 na1, Viridiana Sáenz1,2 na1, Danilo Franco2, Brechla Moreno2, Ediner Fuentes-Campos2, Zeuz Capitan-Barrios 4, Luis Felipe Rivera2,4, Jean-Paul Carrera 4, Juan Castillo5, Marlene Castillo2, Juan Miguel Pascale2, Sandra López-Vergès , Néstor Sosa2,6 &, Leyda Ábrego 3,4",NA,NA,"2023-12-19",NA,"PeV, PeV-A, Panama, Gastrointestinal infection, Respiratory infection, Neurological infection"
"https://virologyj.biomedcentral.com/articles/10.1186/s12985-023-02269-8","Optimizing COVID-19 treatment in immunocompromised patients: early combination therapy with remdesivir, nirmatrelvir/ritonavir and sotrovimab","Ivan Gentile1, Maria Foggia1, Maria Silvitelli1, Alessia Sardanelli1, Letizia Cattaneo1 &, Giulio Viceconte1",NA,NA,"2023-12-15",NA,"COVID-19, Immunocompromised, Sotrovimab, Remdesivir, Nirmatrelvir"
"https://virologyj.biomedcentral.com/articles/10.1186/s12985-023-02261-2","SARSCoV-2 antibody prevalence and titers in persons living with HIV cared for at a large tertiary reference center in Mexico City","Maribel Soto-Nava , Vanessa Dávila-Conn , Juan P. Venancio-Rocha1, Pedro García-Esparza , Daniela Tapia-Trejo1, Ramón Hernández-Juan1, Eduardo Zarza-Sánchez1, Akio Murakami-Ogasawara1 &, Santiago Ávila-Ríos",NA,NA,"2023-12-15",NA,"SARS-CoV-2, COVID-19, Seroepidemiology, Vaccination, Antibody, HIV, Mexico City"
"https://virologyj.biomedcentral.com/articles/10.1186/s12985-023-02263-0","A review of foot-and-mouth disease in Ethiopia: epidemiological aspects, economic implications, and control strategies","Girma Zewdie1, Mirtneh Akalu1,2, Wondwossen Tolossa1, Hassen Belay3, Getaw Deresse1, Mariamawit Zekarias1 &, Yeneneh Tesfaye1",NA,NA,"2023-12-15",NA,"Control, Diagnosis, Economic importance, Epidemiology, Ethiopia, FMD, FMDV, Virus"
"https://virologyj.biomedcentral.com/articles/10.1186/s12985-023-02254-1","Efficacy of recombinant H5 vaccines delivered in ovo or day of age in commercial broilers against the 2015 U.S. H5N2 clade 2.3.4.4c highly pathogenic avian Influenza virus","Darrell R. Kapczynski1, Klaudia Chrzastek1, Revathi Shanmugasundaram1, Aniko Zsak1, Karen Segovia1, Holly Sellers2 &, David L. Suarez1",NA,NA,"2023-12-15",NA,"Chicken, Broiler, Highly pathogenic avian Influenza virus, Vaccine efficacy, Viral shedding, Recombinant vaccine"
"https://virologyj.biomedcentral.com/articles/10.1186/s12985-023-02262-1","Prevalence and genotype distribution of human papillomavirus infection among women in Jingzhou, China: a population-based study of 51,720 women","Shun Liu1, Bing Mei1, Yaoling Ouyang1 &, Chengbin Li1",NA,NA,"2023-12-15",NA,"Human papillomavirus, Prevalence, Genotype, Cervical cancer"
"https://virologyj.biomedcentral.com/articles/10.1186/s12985-023-02226-5","Epidemiological surveillance of respiratory viral infections in SARS-CoV-2-negative samples during COVID-19 pandemic in Iran","Ali Maleki1,2, Parvaneh Mehrbod2, Farah Bokharaei-Salim3, Sana Eybpoosh4, Mahsa Tavakoli5, Azita Eshratkhah Mohammadnejad2, Zahra Hosseini1, Setareh Kashanian1, Laya Farhan Asadi5, Mostafa Salehi-Vaziri1,5 &, Fatemeh Fotouhi2",NA,NA,"2023-12-13",NA,"COVID-19, SARS-CoV-2, Respiratory viral Infections, Epidemiological surveillance, Syndromic surveillance"
"https://virologyj.biomedcentral.com/articles/10.1186/s12985-023-02267-w","Apoptosis is mediated by FeHV-1 through the intrinsic pathway and interacts with the autophagic process","Gianmarco Ferrara1, Consiglia Longobardi1, Maria Francesca Sgadari1, Brunella Restucci1, Giuseppe Iovane1, Roberto Ciarcia1, Ugo Pagnini1 &, Serena Montagnaro1",NA,NA,"2023-12-12",NA,"Apoptosis, Feline herpesvirus, Caspases, Intrinsic pathway, Autophagy"
"https://virologyj.biomedcentral.com/articles/10.1186/s12985-023-02258-x","Armstrong strain lymphocytic choriomeningitis virus infection after accidental laboratory exposure","Laurence Caron1,2, Jean-Sébastien Delisle2,3, James E Strong4,5,6, Yvon Deschambault4, Félix Lombard-Vadnais2, Annie-Claude Labbé1,7 &, Sylvie Lesage1,2",NA,NA,"2023-12-12",NA,"LCMV, Armstrong, Laboratory accidental exposure"
"https://virologyj.biomedcentral.com/articles/10.1186/s12985-023-02225-6","Development and evaluation of serological screening based on one dried plasma spot for HIV, syphilis, and HCV","Jie-qiong Ma1,2, Ya-nan Ren3, Shi-yuan Wen1, Ao-bo Dong4, Wen-ge Xing2 &, Yan Jiang2",NA,NA,"2023-12-11",NA,"Dried plasma spots, Human immunodeficiency virus, Hepatitis C virus, Treponema pallidum, ELISA"
"https://virologyj.biomedcentral.com/articles/10.1186/s12985-023-02255-0","Learning from cerebrospinal fluid drug-resistant HIV escape-associated encephalitis: a case report","Jing Kang1,2, Ziqiu Wang3, Ying Zhou4, Wen Wang4 &, Ying Wen4",NA,NA,"2023-12-10",NA,"HIV, Antiretroviral therapy, CSF viral escape, Encephalitis, Drug resistance"
"https://virologyj.biomedcentral.com/articles/10.1186/s12985-023-02259-w","Down-regulated TAB1 suppresses the replication of Coxsackievirus B5 via activating the NF-κB pathways through interaction with viral 3D polymerase","Jiayu Zhang1, Peiying Teng1, Bo Sun1, Jihong Zhang1, Xiaoshuang Zhou1 &, Wei Chen1",NA,NA,"2023-12-10",NA,"Hand-foot-mouth disease (HFMD), Coxsackievirus group B type 5 (CVB5), 3D polymerase, TGF-BATA-activated kinase1 binding protein 1 (TAB1), Nuclear factor kappa-B (NF-κB) pathway"
"https://virologyj.biomedcentral.com/articles/10.1186/s12985-023-02252-3","Identification of the protein coding capability of coronavirus defective viral genomes by mass spectrometry","Ching-Hung Lin1, Feng-Cheng Hsieh1, Chien-Chen Lai2, Wei-Chen Wang2, Cheng-Yu Kuo2, Chun-Chun Yang1, Hsuan-Wei Hsu1, Hon-Man-Herman Tam3, Cheng-Yao Yang1 &, Hung-Yi Wu1",NA,NA,"2023-12-07",NA,"Coronavirus, Defective viral genome, Protein coding, Gene expression, Pathogenesis"
"https://virologyj.biomedcentral.com/articles/10.1186/s12985-023-02246-1","HIV transmission and associated factors under the scale-up of HIV antiretroviral therapy: a population-based longitudinal molecular network study","Yi Chen1 na1, Zhiqiang Cao2 na1, Jianjun Li3 na1, Jin Chen2, Qiuying Zhu3, Shujia Liang3, Guanghua Lan3, Hui Xing2, Lingjie Liao2, Yi Feng2, Yiming Shao2, Yuhua Ruan2 &, Huanhuan Chen3",NA,NA,"2023-12-04",NA,"HIV/AIDS, Longitudinal molecular network, Antiretroviral therapy, Generalized estimating equation"
"https://virologyj.biomedcentral.com/articles/10.1186/s12985-023-02234-5","Association between human herpesvirus infection and cervical carcinoma: a systematic review and meta-analysis","Han Zhang1 na1, Shunli Cai2 na1, Yuan Xia3, Yangxuan Lin3, Guozhong Zhou4, Yinghui Yu5 &, Min Feng1",NA,NA,"2023-12-04",NA,"Human herpesvirus, Cervical cancer, Precancerous cervical lesions, Meta-analysis, Herpes simplex virus type 2, Epstein-Barr virus"
"https://virologyj.biomedcentral.com/articles/10.1186/s12985-023-02241-6","Bioinformatics analysis of immune characteristics in tumors with alternative carcinogenesis pathways induced by human papillomaviruses","Michal Smahel1 &, Jaroslav Nunvar1",NA,NA,"2023-12-04",NA,"Papillomavirus, Carcinogenesis, Immunotherapy, STING, LILR"
"https://virologyj.biomedcentral.com/articles/10.1186/s12985-023-02251-4","Interactions between DC-SIGN and the envelope protein from Dengue and Zika viruses: a structural perspective based on molecular dynamics and MM/GBSA analyses","Bruno Stein Barbosa Menechino1, Rodrigo Bentes Kato2, Helena Cristina Ferreira Franz2, Pedro Eduardo Almeida da Silva2, Marcus Corat1 na1 &, Daniel Ferreira de Lima Neto2 na1",NA,NA,"2023-12-04",NA,"DC-SIGN, Dengue, Zika, Molecular dynamics, MM/GBSA"
"https://virologyj.biomedcentral.com/articles/10.1186/s12985-023-02230-9","Development of a neutralization monoclonal antibody with a broad neutralizing effect against SARS-CoV-2 variants","Hae Li Ko1,2 na1, Deuk-ki Lee1,2 na1, Younghyeon Kim1,2, Hui Jeong Jang3, Youn Woo Lee3, Ho-Young Lee3, Sang-Hyuk Seok4, Jun Won Park4, Jin-Kyung Limb5, Da In On5,6, Jun-Won Yun7, Kwang-Soo Lyoo9, Daesub Song10, Minjoo Yeom10, Hanbyeul Lee10, Je Kyung Seong5,6,8 &, Sungjin Lee1",NA,NA,"2023-12-01",NA,"Severe acute respiratory syndrome coronavirus 2, COVID-19, Antibody, Variant of concern, Human angiotensin-converting enzyme 2, Quaternary epitopes of RBD, Single-chain fragment variable"
"https://virologyj.biomedcentral.com/articles/10.1186/s12985-023-02250-5","Alfalfa vein mottling virus, a novel potyvirid infecting Medicago sativa L.","Lev G. Nemchinov1, Olga A. Postnikova2, William M. Wintermantel3, John C. Palumbo4 &, Sam Grinstead1",NA,NA,"2023-11-30",NA,"Plant viruses, Positive-strand RNA viruses, Potyviridae, Alfalfa vein mottling virus, Alvemovirus, Alfalfa (Medicago sativa L.)"
"https://virologyj.biomedcentral.com/articles/10.1186/s12985-023-02253-2","HLA-DR genetic polymorphisms and hepatitis B virus mutations affect the risk of hepatocellular carcinoma in Han Chinese population","Yubao Zhao1 na1, Kun Chen2 na1, Hui Yang2 na1, Feng Zhang3, Lu Ding4, Yan Liu2, Le Zhang2, Yuchen Zhang2, Huiliang Wang1 &, Yang Deng2",NA,NA,"2023-11-30",NA,"Hepatitis B virus, Hepatocellular carcinoma, Human leukocyte antigen-DR, Mutation, Single nucleotide polymorphism"
"https://virologyj.biomedcentral.com/articles/10.1186/s12985-023-02247-0","Genome characteristics of atypical porcine pestivirus from abortion cases in Shandong Province, China","Xiaoyu Sun1,2,3, Qiaoya Zhang1,2,3, Hu Shan1,2,3, Zhi Cao1,2,3 &, Juan Huang1,2,3",NA,NA,"2023-11-29",NA,"Atypical porcine pestivirus (APPV), Viral metagenomics, Abortion cases, Phylogenetic analysis"
"https://virologyj.biomedcentral.com/articles/10.1186/s12985-023-02249-y","Screening for viral pathogens in the gastrointestinal tract from cases of sudden unexpected death in infancy at the Tygerberg Medico-legal Mortuary","Danielle T Cupido1 &, Corena de Beer1",NA,NA,"2023-11-29",NA,"Viral gastroenteritis, Sudden unexpected death in infancy, SUDI, Viral enteropathogens"
"https://virologyj.biomedcentral.com/articles/10.1186/s12985-023-02212-x","Porcine promyelocytic leukemia protein isoforms suppress Japanese encephalitis virus replication in PK15 cells","Zhenyu Chen1 na1, Huaijin Liu1 na1, Jingjing Zhu1, Xing Duan1, Han Wang1, Xiangchen Li1, Xiaolong Zhou1, Ayong Zhao1 &, Songbai Yang1",NA,NA,"2023-11-29",NA,"Porcine, PML isoforms, JEV, IFN-β, IRF3"
"https://virologyj.biomedcentral.com/articles/10.1186/s12985-023-02245-2","HIV viral suppression at different thresholds and duration of treatment in the dolutegravir treatment era in Sierra Leone: a nationwide survey","Jin-Wen Song1,3 na1, Guang Yang2,3 na1, Matilda N. Kamara4, Wei Sun5, Qun Guan6, Umu Barrie7, Darlinda F. Jiba8, Abdulai Tejan Jalloh8, Ming Liu2, Francis K. Tamba8, George A. Yendewa9,10,11, Ligui Wang12, Rongtao Zhao12 &, Sulaiman Lakoh4,8,13",NA,NA,"2023-11-29",NA,"Viral load, Viral suppression, Viral suppression rate, Low-level viremia, Dolutegravir"
"https://virologyj.biomedcentral.com/articles/10.1186/s12985-023-02248-z","Phylogenomic assessment of 23 equid alphaherpesvirus 1 isolates obtained from USA-based equids","Ugochi Emelogu1 na1, Andrew C. Lewin1 na1, Udeni B. R. Balasuriya2, Chin-Chi Liu1, Rebecca P. Wilkes3, Jianqiang Zhang4, Erinn P. Mills1 &, Renee T. Carter1",NA,NA,"2023-11-29",NA,"Equine alphaherpesvirus 1, Equine, Herpes Virus, Genome, Recombination, Phylogeny, Nucleotide substitution"
"https://virologyj.biomedcentral.com/articles/10.1186/s12985-023-02144-6","Effects of Lianhuaqingwen Capsules in adults with mild-to-moderate coronavirus disease 2019: an international, multicenter, double-blind, randomized controlled trial","Jin-ping Zheng1 na1, Yun Ling2 na1, Liang-shuang Jiang3 na1, Piroon Mootsikapun4 na1, Hong-zhou Lu5 na1, Methee Chayakulkeeree6 na1, Li-xiu Zhang7 na1, Pureepat Arttawejkul8 na1, Feng-yu Hu9, Thi Ngoc Lan Truong10, Roxan A. Perez11, Xing Gu12, Hui-min Sun13, Jian-jie Jiang14, Ren-jie Liu15, Zhen Ding16, Yang-qing Zhan1, Zi-feng Yang1, Wei-jie Guan1 &, Nan-shan Zhong1",NA,NA,"2023-11-28",NA,"Coronavirus disease 2019, Omicron, Lianhuaqingwen Capsule, Symptom resolution, Inflammation"
"https://virologyj.biomedcentral.com/articles/10.1186/s12985-023-02222-9","Susceptibility of bovine to SARS-CoV-2 variants of concern: insights from ACE2, AXL, and NRP1 receptors","Ying Ma1, Mengyue Lei1, Hongli Chen1,3, Pu Huang1, Jing Sun1, Qiangming Sun2, Yunzhang Hu Jiandong Shi 2",NA,NA,"2023-11-27",NA,"ACE2, AXL, NRP1, Cross-species transmission, Receptor, SARS-CoV-2 variants"
"https://virologyj.biomedcentral.com/articles/10.1186/s12985-023-02243-4","Airborne SARS-CoV-2 is more frequently detected in environments related to children and elderly but likely non-infectious, Norway, 2022","Priscilla Gomes da Silva1,2,3,4,5, Mahima Hemnani1,2,3, José Gonçalves6, Elisa Rodriguéz6, Pedro A. García-Encina6, Maria São José Nascimento7, Sofia I. V. Sousa4,5, Mette Myrmel7 &, João R. Mesquita1,2,3,8",NA,NA,"2023-11-24",NA,"SARS-CoV-2, Airborne transmission, COVID-19, Indoor environments, Outdoor environments, Mitigation strategies, Vaccination, Mask mandates"
"https://virologyj.biomedcentral.com/articles/10.1186/s12985-023-02223-8","Detection of monkeypox virus using helicase dependent amplification and recombinase polymerase amplification combined with lateral flow test","Abudushalamu Gulinaizhaer1, Chuankun Yang1, Mingyuan Zou1, Shuo Ma1, Xiaobo Fan1,2 &, Guoqiu Wu1,2,3",NA,NA,"2023-11-23",NA,"Monkeypox, INAAT, HDA, RPA, LFT, qPCR"
"https://virologyj.biomedcentral.com/articles/10.1186/s12985-023-02235-4","Relationship between glucocorticoids and viral load during the Omicron wave in mainland China","Guangxu Bai1,2, Yan Li1,2, Yang Liu1,2, Xinming Wang3,4, Xuezhong Yu1,2, Lili Ren3,4 &, Jun Xu1,2",NA,NA,"2023-11-22",NA,"COVID-19, Glucocorticoids, Viral load, Cytokines, Viral clearance"
"https://virologyj.biomedcentral.com/articles/10.1186/s12985-023-02227-4","Molecular epidemiology and characteristics of respiratory syncytial virus among hospitalized children in Guangzhou, China","Sajid Umar1,2, Rongyuan Yang3, Xinye Wang4, Yuntao Liu5, Peifeng Ke6 &, Sheng Qin6",NA,NA,"2023-11-22",NA,"Respiratory syncytial virus (RSV), Molecular epidemiology, Genetic diversity, Mutations, Phylogenetic analysis, Evolution, Guangzhou, China"
"https://virologyj.biomedcentral.com/articles/10.1186/s12985-023-02238-1","Epidemiology of influenza over a ten-year period in Belgium: overview of the historical and current evidence","A. Prezzi1, X. Saelens2,3 &, D. Vandijck1,4",NA,NA,"2023-11-21",NA,"Influenza, Flu, Epidemiology, Vaccination, Hospitalisation"
"https://virologyj.biomedcentral.com/articles/10.1186/s12985-023-02239-0","Systemic perturbations in amino acids/amino acid derivatives and tryptophan pathway metabolites associated with murine influenza A virus infection","Huda A. M. Al-Shalan1,2, Lu Zhou3, Zhifan Dong3, Penghao Wang1, Philip K. Nicholls1, Berin Boughton4, Philip A. Stumbles1,5, Wayne K. Greene1 &, Bin Ma1",NA,NA,"2023-11-21",NA,"Influenza A virus, Influenza, Amino acids, Tryptophan pathway, Infection, Metabolites, Immunometabolism, Neurotoxicity"
"https://virologyj.biomedcentral.com/articles/10.1186/s12985-023-02242-5","In-house ELISA protocols for capsid p24 detection of diverse HIV isolates","Mariano A. Molina1, Monique Vink1, Ben Berkhout1 &, Elena Herrera-Carrillo1",NA,NA,"2023-11-17",NA,"HIV, CA-p24, ELISA, Antibodies, Antigen"
"https://virologyj.biomedcentral.com/articles/10.1186/s12985-023-02202-z","The analysis of the genotype of Sapovirus outbreaks in Zhejiang Province","Lingxuan Su1,2, Haiyan Mao1,2, Yi Sun1,2, Hao Yan1,2, Qiong Ge1,2, Liming Gong1 &, Yanjun Zhang1,2",NA,NA,"2023-11-16",NA,"Sapovirus, Outbreak, Genotype, VP1 protein"
"https://virologyj.biomedcentral.com/articles/10.1186/s12985-023-02231-8","Targeting the conserved coronavirus octamer motif GGAAGAGC is a strategy for the development of coronavirus vaccine","Ching-Hung Lin1, Feng-Cheng Hsieh1, Yu-Chia Chang1, Cheng-Yao Yang1, Hsuan-Wei Hsu1, Chun-Chun Yang1, Hon-Man-Herman Tam2 &, Hung-Yi Wu1",NA,NA,"2023-11-15",NA,"Coronavirus, Coronavirus octamer, Vaccine, Translation, Replication"
"https://virologyj.biomedcentral.com/articles/10.1186/s12985-023-01977-5","Immune escape of SARS-CoV-2 variants to therapeutic monoclonal antibodies: a system review and meta-analysis","Huichun Shi1 na1, Jiajia Sun2 na1, Yigang Zeng1, Xiaomeng Wang1, Shanshan Liu1, Lijun Zhang1 &, Enming Shao1",NA,NA,"2023-11-15",NA,"SARS-CoV-2 Omicron, Vaccines-induced antibodies, Neutralization"
"https://virologyj.biomedcentral.com/articles/10.1186/s12985-023-02237-2","Molecular characterization of a reptarenavirus detected in a Colombian Red-Tailed Boa (Boa constrictor imperator)","Mohamed A. Abouelkhair1, Ashkan Roozitalab1 &, Ola K. Elsakhawy1",NA,NA,"2023-11-15",NA,"Reptarenavirus, Colombian red-tailed Boa, Boa constrictor imperator, Boid inclusion body Disease, Illumina MiniSeq, L7 genotype, S6 genotype, Molecular characterization, Genetic diversity"
"https://virologyj.biomedcentral.com/articles/10.1186/s12985-023-02229-2","RhoA suppresses pseudorabies virus replication in vitro","Xin-Man Li1,2,3 na1, Shi-Ping Wang1,2,3 na1, Jin-Yuan Wang1,2,3 na1, Ting Tang1,2,3, Bo Wan1,2,4, Lei Zeng1,2,3, Jiang Wang1,2,3,4, Bei-Bei Chu1,2,3,4, Guo-Yu Yang2,3,5 &, Jia-Jia Pan1,2,3,4",NA,NA,"2023-11-15",NA,"RhoA, Actin cytoskeleton, Viral replication, Pseudorabies virus"
"https://virologyj.biomedcentral.com/articles/10.1186/s12985-023-02224-7","Characterisation of human astrovirus in a diarrhoea outbreak using nanopore and Sanger sequencing protocols","Jinhui Li1 na1, Lang Yang1 na1, Kaiying Wang1 na1, Zhiyong Gao3 na1, Peihan Li1,2, Yanfeng Lin1,2, Leili Jia1, Quanyi Wang3, Hongbin Song1 &, Peng Li1",NA,NA,"2023-11-14",NA,"Diarrhea outbreak, Human astroviruses, Nanopore sequencing, Sanger sequencing, Whole genome"
"https://virologyj.biomedcentral.com/articles/10.1186/s12985-023-02219-4","Phillyrin ameliorates influenza a virus-induced pulmonary inflammation by antagonizing CXCR2 and inhibiting NLRP3 inflammasome activation","Shanyu Zhang1,3,4 na1, Fengzhi Sun5 na1, Jinlu Zhu1, Jianhong Qi6, Wenjing Wang1, Ziming Liu1, Wenqian Li1, Chuanguo Liu1,2,4, Xuehuan Liu1,2, Nonghan Wang1, Xinyu Song1, Dan Zhang1,2,3,4, Dongmei Qi1,2,3,4 &, Xiaolong Wang1,2,3,4",NA,NA,"2023-11-13",NA,"Phillyrin, Influenza, Pulmonary inflammation, CXCR2, NLRP3"
"https://virologyj.biomedcentral.com/articles/10.1186/s12985-023-02232-7","Rapid detection of avian influenza virus based on CRISPR-Cas12a","Xu Zhou1 na1, Siwen Wang1 na1, Yue Ma1, Yanbing Li1, Guohua Deng1, Jianzhong Shi1 &, Xiurong Wang1",NA,NA,"2023-11-13",NA,"Avian influenza virus, CRISPR/Cas system, RT-RPA, Detection"
"https://virologyj.biomedcentral.com/articles/10.1186/s12985-023-02228-3","Research progress on the mechanism of traditional Chinese medicine regulating intestinal microbiota to combat influenza a virus infection","LanYing Ma1, Lingyun Ji4, Tong Wang2, Zhe Zhai1, PeiWei Su1, YaNan Zhang1,3, Yuan Wang1,3, WenXiao Zhao1,2, ZhiChun Wu1,3, HuaYun Yu1,3 &, HaiJun Zhao1,3",NA,NA,"2023-11-13",NA,"Influenza a virus, Gut microbiota, Traditional Chinese medicine, And respiratory virus Infections"
"https://virologyj.biomedcentral.com/articles/10.1186/s12985-023-02236-3","Correction to: Performance of the nonstructural 1 Antigen Rapid Test for detecting all four DENV serotypes in clinical specimens from Bangkok, Thailand","Kanaporn Poltep1,2,3, Juthamas Phadungsombat2,4, Nathamon Kosoltanapiwat1, Borimas Hanboonkunupakarn5, Witthawat Wiriyarat3, Sarin Suwanpakdee3, Phirom Prompiram3, Emi E. Nakayama2,4, Keita Suzuki6, Hisahiko Iwamoto6, Tatsuo Shioda2,4 &, Pornsawan Leaungwutiwong1",NA,NA,"2023-11-10",NA,""
"https://virologyj.biomedcentral.com/articles/10.1186/s12985-023-02213-w","Bardoxolone methyl inhibits the infection of rabies virus via Nrf2 pathway activation in vitro","Ying Lin Chi1, Yuan Xie1, Shu Qing Liu1 &, Wu Yang Zhu1",NA,NA,"2023-11-10",NA,"Rabies virus, Bardoxolone methyl, Nuclear factor erythroid-derived 2-like 2, Neuro2a cells"
"https://virologyj.biomedcentral.com/articles/10.1186/s12985-023-02154-4","Characterization of intrinsic and effective fitness changes caused by temporarily fixed mutations in the SARS-CoV-2 spike E484 epitope and identification of an epistatic precondition for the evolution of E484A in variant Omicron","Simon Schröder1, Anja Richter1, Talitha Veith1, Jackson Emanuel1, Luca Gudermann1, Kirstin Friedmann1, Lara M. Jeworowski1, Barbara Mühlemann1, Terry C. Jones1,2, Marcel A. Müller1, Victor M. Corman1 &, Christian Drosten1",NA,NA,"2023-11-08",NA,"COVID-19, SARS-CoV-2, Reverse genetics, Virus fitness, Antibody neutralization escape, Spike protein evolution, Epitope E484"
